{"mean": [84.47456845401074, 97.29923309346029, 82.10125675005315, 18.61494731382996, 10.373447883984767, 1.8226070699196644, 36.992294650852656, 181.89190103143258], "scale": [16.450042906062645, 2.751854489443003, 15.311077165066614, 4.697793834863027, 1.9768712865392102, 0.43477190038897384, 0.44804520523683905, 25.507158656459847], "features": ["HR", "O2Sat", "MAP", "Resp", "WBC", "Lactate", "Temp", "Platelets"]}